{"cameraMode":{"drawMode":0,"name":"Shaded","section":"Shading Mode"},"sceneLighting":true,"audioPlay":false,"sceneViewState":{"m_AlwaysRefresh":false,"showFog":true,"showSkybox":true,"showFlares":true,"showImageEffects":true,"showParticleSystems":true,"showVisualEffectGraphs":true,"m_FxEnabled":true},"in2DMode":false,"pivot":{"x":0.10500863194465637,"y":55.353145599365237,"z":-46.74596405029297},"rotation":{"x":-0.4693359434604645,"y":0.03811241313815117,"z":-0.020352989435195924,"w":-0.8820197582244873},"size":3.2660295963287355,"orthographic":false}