{"cameraMode":{"drawMode":0,"name":"Shaded","section":"Shading Mode"},"sceneLighting":true,"audioPlay":false,"sceneViewState":{"m_AlwaysRefresh":false,"showFog":true,"showSkybox":true,"showFlares":true,"showImageEffects":true,"showParticleSystems":true,"showVisualEffectGraphs":true,"m_FxEnabled":true},"in2DMode":false,"pivot":{"x":407.768798828125,"y":236.74984741210938,"z":3.42724609375},"rotation":{"x":-0.000011456301763246302,"y":-0.003598002949729562,"z":-0.00007454137812601402,"w":-1.0000216960906983},"size":225.10513305664063,"orthographic":false}